{"cameraMode":{"drawMode":0,"name":"Shaded","section":"Shading Mode"},"sceneLighting":false,"audioPlay":false,"sceneViewState":{"showFog":true,"showMaterialUpdate":false,"showSkybox":false,"showFlares":true,"showImageEffects":true,"showParticleSystems":true},"in2DMode":false,"pivot":{"x":0.12000000476837158,"y":0.48000001907348635,"z":4.460000038146973},"rotation":{"x":-0.1569376140832901,"y":-0.6366614103317261,"z":0.13238519430160523,"w":-0.7437363266944885},"size":0.8660253882408142,"orthographic":false}