{"cameraMode":{"drawMode":0,"name":"Shaded","section":"Shading Mode"},"sceneLighting":true,"audioPlay":false,"sceneViewState":{"showFog":true,"showMaterialUpdate":false,"showSkybox":true,"showFlares":true,"showImageEffects":true,"showParticleSystems":true},"in2DMode":false,"pivot":{"x":0.48476076126098635,"y":-3.610701560974121,"z":143.156494140625},"rotation":{"x":-0.2880209684371948,"y":-0.051172129809856418,"z":0.010807386599481106,"w":-0.9566383957862854},"size":184.95733642578126,"orthographic":false}