{"cameraMode":{"drawMode":0,"name":"Shaded","section":"Shading Mode"},"sceneLighting":false,"audioPlay":false,"sceneViewState":{"showFog":true,"showMaterialUpdate":false,"showSkybox":false,"showFlares":true,"showImageEffects":true,"showParticleSystems":true},"in2DMode":false,"pivot":{"x":0.029881566762924196,"y":-0.02678479626774788,"z":0.00277574360370636},"rotation":{"x":0.011433296836912632,"y":0.21228250861167909,"z":0.002432719338685274,"w":-0.9771853685379028},"size":0.23424720764160157,"orthographic":false}