{"cameraMode":{"drawMode":0,"name":"Shaded","section":"Shading Mode"},"sceneLighting":true,"audioPlay":false,"sceneViewState":{"showFog":true,"showMaterialUpdate":false,"showSkybox":true,"showFlares":true,"showImageEffects":true,"showParticleSystems":true},"in2DMode":false,"pivot":{"x":-4.851034164428711,"y":-7.18463134765625,"z":17.01141357421875},"rotation":{"x":-0.2519705295562744,"y":0.12615740299224854,"z":-0.0395970344543457,"w":-0.9591754078865051},"size":9.986944198608399,"orthographic":false}