{"cameraMode":{"drawMode":0,"name":"Shaded","section":"Shading Mode"},"sceneLighting":false,"audioPlay":false,"sceneViewState":{"showFog":true,"showMaterialUpdate":false,"showSkybox":false,"showFlares":true,"showImageEffects":true,"showParticleSystems":true},"in2DMode":false,"pivot":{"x":0.9195566177368164,"y":-0.19280493259429933,"z":-0.3990107476711273},"rotation":{"x":0.1281428188085556,"y":-0.8448508977890015,"z":0.23435282707214356,"w":0.46411311626434328},"size":4.809844017028809,"orthographic":false}