{"cameraMode":{"drawMode":0,"name":"Shaded","section":"Shading Mode"},"sceneLighting":false,"audioPlay":false,"sceneViewState":{"showFog":true,"showMaterialUpdate":false,"showSkybox":false,"showFlares":true,"showImageEffects":true,"showParticleSystems":true},"in2DMode":false,"pivot":{"x":-2.781790018081665,"y":0.43129414319992068,"z":4.280319690704346},"rotation":{"x":-0.16151824593544007,"y":0.48797982931137087,"z":-0.09373723715543747,"w":-0.8528753519058228},"size":0.7900820374488831,"orthographic":false}