{"cameraMode":{"drawMode":0,"name":"Shaded","section":"Shading Mode"},"sceneLighting":true,"audioPlay":false,"sceneViewState":{"showFog":true,"showMaterialUpdate":false,"showSkybox":true,"showFlares":true,"showImageEffects":true,"showParticleSystems":true},"in2DMode":false,"pivot":{"x":0.0,"y":0.5399999618530273,"z":-3.4000000953674318},"rotation":{"x":0.05839136242866516,"y":-0.8817019462585449,"z":0.11330368369817734,"w":0.45431476831436159},"size":7.713384628295898,"orthographic":false}