{"cameraMode":{"drawMode":0,"name":"Shaded","section":"Shading Mode"},"sceneLighting":false,"audioPlay":false,"sceneViewState":{"showFog":true,"showMaterialUpdate":false,"showSkybox":false,"showFlares":true,"showImageEffects":true,"showParticleSystems":true},"in2DMode":false,"pivot":{"x":0.02399998903274536,"y":-0.011000007390975953,"z":-3.427500009536743},"rotation":{"x":-0.04926610738039017,"y":-0.8727544546127319,"z":0.08947611600160599,"w":-0.4775506854057312},"size":1.373520851135254,"orthographic":false}