{"cameraMode":{"drawMode":0,"name":"Shaded","section":"Shading Mode"},"sceneLighting":true,"audioPlay":false,"sceneViewState":{"showFog":true,"showMaterialUpdate":false,"showSkybox":true,"showFlares":true,"showImageEffects":true,"showParticleSystems":true},"in2DMode":false,"pivot":{"x":-0.09319998323917389,"y":0.026300013065338136,"z":-3.4720001220703127},"rotation":{"x":-0.398221492767334,"y":-0.5636371970176697,"z":0.3553254008293152,"w":-0.6308625340461731},"size":5.611135005950928,"orthographic":false}