{"cameraMode":{"drawMode":0,"name":"Shaded","section":"Shading Mode"},"sceneLighting":true,"audioPlay":false,"sceneViewState":{"showFog":true,"showMaterialUpdate":false,"showSkybox":true,"showFlares":true,"showImageEffects":true,"showParticleSystems":true},"in2DMode":false,"pivot":{"x":0.02399998903274536,"y":-0.011000007390975953,"z":-3.427500009536743},"rotation":{"x":-0.14405174553394319,"y":-0.661557137966156,"z":0.12275087088346482,"w":-0.7263128161430359},"size":3.244081735610962,"orthographic":false}