{"cameraMode":{"drawMode":0,"name":"Shaded","section":"Shading Mode"},"sceneLighting":false,"audioPlay":false,"sceneViewState":{"showFog":true,"showMaterialUpdate":false,"showSkybox":false,"showFlares":true,"showImageEffects":true,"showParticleSystems":true},"in2DMode":false,"pivot":{"x":-3.725290298461914e-8,"y":0.16684795916080476,"z":0.32270365953445437},"rotation":{"x":-0.045599304139614108,"y":-0.739376962184906,"z":0.05012456700205803,"w":-0.6699848175048828},"size":1.1741292476654053,"orthographic":false}