{"cameraMode":{"drawMode":0,"name":"Shaded","section":"Shading Mode"},"sceneLighting":false,"audioPlay":false,"sceneViewState":{"showFog":true,"showMaterialUpdate":false,"showSkybox":false,"showFlares":true,"showImageEffects":true,"showParticleSystems":true},"in2DMode":false,"pivot":{"x":-8.350834846496582,"y":-2.775336742401123,"z":7.3408050537109379},"rotation":{"x":0.10859303921461106,"y":0.7729966044425964,"z":-0.13713321089744569,"w":0.6099706888198853},"size":1.4361406564712525,"orthographic":false}