{"cameraMode":{"drawMode":0,"name":"Shaded","section":"Shading Mode"},"sceneLighting":false,"audioPlay":false,"sceneViewState":{"showFog":true,"showMaterialUpdate":false,"showSkybox":false,"showFlares":true,"showImageEffects":true,"showParticleSystems":true},"in2DMode":false,"pivot":{"x":-0.005538335070014,"y":0.16834795475006104,"z":0.32897672057151797},"rotation":{"x":-0.05719351768493652,"y":0.731593668460846,"z":-0.06181423366069794,"w":-0.6766148805618286},"size":0.579021692276001,"orthographic":false}