{"cameraMode":{"drawMode":0,"name":"Shaded","section":"Shading Mode"},"sceneLighting":true,"audioPlay":false,"sceneViewState":{"showFog":true,"showMaterialUpdate":false,"showSkybox":true,"showFlares":true,"showImageEffects":true,"showParticleSystems":true},"in2DMode":false,"pivot":{"x":-3.4808366298675539,"y":0.7440488338470459,"z":141.2771759033203},"rotation":{"x":-0.19693315029144288,"y":0.32712632417678835,"z":-0.07659127563238144,"w":-0.9215986132621765},"size":3.4387712478637697,"orthographic":false}