{"cameraMode":{"drawMode":0,"name":"Shaded","section":"Shading Mode"},"sceneLighting":false,"audioPlay":false,"sceneViewState":{"showFog":true,"showMaterialUpdate":false,"showSkybox":false,"showFlares":true,"showImageEffects":true,"showParticleSystems":true},"in2DMode":false,"pivot":{"x":-1.162292718887329,"y":0.4538000524044037,"z":3.59975528717041},"rotation":{"x":-0.08903081715106964,"y":-0.9062327742576599,"z":0.23640067875385285,"w":-0.3397704064846039},"size":0.8573524355888367,"orthographic":false}