{"cameraMode":{"drawMode":0,"name":"Shaded","section":"Shading Mode"},"sceneLighting":false,"audioPlay":false,"sceneViewState":{"showFog":true,"showMaterialUpdate":false,"showSkybox":false,"showFlares":true,"showImageEffects":true,"showParticleSystems":true},"in2DMode":false,"pivot":{"x":-0.021008551120758058,"y":0.0,"z":0.2670482397079468},"rotation":{"x":-0.2184688001871109,"y":-0.7232269644737244,"z":0.26234179735183718,"w":-0.6007516384124756},"size":1.4311317205429078,"orthographic":false}